[{"regNum":"AR89232","brand":"Tesla","model":"Model X","year":2021,"gearbox":"Automatic","fuel":"Bensin","driveMileage":400,"price":3000,"available":true},{"regNum":"AR89232","brand":"Bmw","model":"IX","year":2023,"gearbox":"Automatic","fuel":"Bensin","driveMileage":400,"price":3000,"available":true},{"regNum":"AR89232","brand":"Lamborghini","model":"Urus","year":2020,"gearbox":"Automatic","fuel":"Bensin","driveMileage":400,"price":3000,"available":true},{"regNum":"AR89232","brand":"Mercedes","model":"G-wagon","year":2021,"gearbox":"Automatic","fuel":"Bensin","driveMileage":400,"price":3000,"available":true}]