[{"ID":0,"ownerId":1,"regNum":"AR89232","brand":"Audi","model":"RS7","year":2022,"gearbox":"Automatic","fuel":"Gasoline","driveMileage":400,"price":3000,"available":false,"id":0},{"ID":1,"ownerId":1,"regNum":"AR89232","brand":"Bmw","model":"M4","year":2019,"gearbox":"Automatic","fuel":"Gasoline","driveMileage":400,"price":3000,"available":true,"id":1},{"ID":2,"ownerId":1,"regNum":"AR89232","brand":"Mercedes","model":"S-class","year":2019,"gearbox":"Automatic","fuel":"Gasoline","driveMileage":400,"price":3000,"available":true,"id":2},{"ID":3,"ownerId":3,"regNum":"AR89232","brand":"Toyota","model":"Yaris","year":2011,"gearbox":"Automatic","fuel":"Gasoline","driveMileage":400,"price":3000,"available":true,"id":3},{"ID":4,"ownerId":4,"regNum":"AR89232","brand":"VW","model":"Golf","year":2022,"gearbox":"Automatic","fuel":"Diesel","driveMileage":400,"price":3000,"available":true,"id":4},{"ID":5,"ownerId":2,"regNum":"AR89232","brand":"Tesla","model":"Model X","year":2021,"gearbox":"Automatic","fuel":"Electric","driveMileage":400,"price":3000,"available":true,"id":5},{"ID":6,"ownerId":0,"regNum":"AR89232","brand":"Bmw","model":"IX","year":2023,"gearbox":"Automatic","fuel":"Gasoline","driveMileage":400,"price":3000,"available":true,"id":6},{"ID":7,"ownerId":0,"regNum":"AR89232","brand":"Lamborghini","model":"Urus","year":2020,"gearbox":"Automatic","fuel":"Gasoline","driveMileage":400,"price":3000,"available":true,"id":7},{"ID":8,"ownerId":0,"regNum":"AR89232","brand":"Mercedes","model":"G-wagon","year":2021,"gearbox":"Automatic","fuel":"Gasoline","driveMileage":400,"price":3000,"available":true,"id":8},{"ID":9,"ownerId":1,"regNum":"AB12345","brand":"Fortnite","model":"Buss","year":2017,"gearbox":"Automatic","fuel":"Electric","driveMileage":23246,"price":2632,"available":true,"id":9},{"ID":10,"ownerId":3,"regNum":"AB12345","brand":"test2","model":"3","year":2022,"gearbox":"Automatic","fuel":"Electric","driveMileage":23462,"price":246,"available":true,"id":10},{"ID":11,"ownerId":1,"regNum":"AB12345","brand":"etwetewt","model":"wetwet","year":3212,"gearbox":"Automatic","fuel":"Electric","driveMileage":124515,"price":125,"available":true,"id":11}]