[ {
  "ownerId" : 1,
  "regNum" : "AR89232",
  "brand" : "Audi",
  "model" : "RS7",
  "year" : 2022,
  "gearbox" : "Automatic",
  "fuel" : "Petrol",
  "driveMileage" : 400,
  "price" : 3000,
  "tenantId" : 0,
  "bookingStartDate" : null,
  "bookingStartTime" : null,
  "bookingEndDate" : null,
  "bookingEndTime" : null,
  "available" : true
}, {
  "ownerId" : 1,
  "regNum" : "AR89232",
  "brand" : "Bmw",
  "model" : "M4",
  "year" : 2019,
  "gearbox" : "Automatic",
  "fuel" : "Petrol",
  "driveMileage" : 400,
  "price" : 3000,
  "tenantId" : 0,
  "bookingStartDate" : null,
  "bookingStartTime" : null,
  "bookingEndDate" : null,
  "bookingEndTime" : null,
  "available" : true
}, {
  "ownerId" : 1,
  "regNum" : "AR89232",
  "brand" : "Mercedes",
  "model" : "S-class",
  "year" : 2019,
  "gearbox" : "Automatic",
  "fuel" : "Petrol",
  "driveMileage" : 400,
  "price" : 3000,
  "tenantId" : 0,
  "bookingStartDate" : null,
  "bookingStartTime" : null,
  "bookingEndDate" : null,
  "bookingEndTime" : null,
  "available" : true
}, {
  "ownerId" : 4,
  "regNum" : "AR89232",
  "brand" : "VW",
  "model" : "Golf",
  "year" : 2022,
  "gearbox" : "Automatic",
  "fuel" : "Petrol",
  "driveMileage" : 400,
  "price" : 3000,
  "tenantId" : 0,
  "bookingStartDate" : null,
  "bookingStartTime" : null,
  "bookingEndDate" : null,
  "bookingEndTime" : null,
  "available" : true
}, {
  "ownerId" : 2,
  "regNum" : "AR89232",
  "brand" : "Tesla",
  "model" : "Model X",
  "year" : 2021,
  "gearbox" : "Automatic",
  "fuel" : "Petrol",
  "driveMileage" : 400,
  "price" : 3000,
  "tenantId" : 0,
  "bookingStartDate" : null,
  "bookingStartTime" : null,
  "bookingEndDate" : null,
  "bookingEndTime" : null,
  "available" : true
}, {
  "ownerId" : 0,
  "regNum" : "AR89232",
  "brand" : "Bmw",
  "model" : "IX",
  "year" : 2023,
  "gearbox" : "Automatic",
  "fuel" : "Petrol",
  "driveMileage" : 400,
  "price" : 3000,
  "tenantId" : 0,
  "bookingStartDate" : null,
  "bookingStartTime" : null,
  "bookingEndDate" : null,
  "bookingEndTime" : null,
  "available" : true
}, {
  "ownerId" : 1,
  "regNum" : "AR89232",
  "brand" : "Lamborghini",
  "model" : "Urus",
  "year" : 2020,
  "gearbox" : "Automatic",
  "fuel" : "Petrol",
  "driveMileage" : 400,
  "price" : 3000,
  "tenantId" : 0,
  "bookingStartDate" : null,
  "bookingStartTime" : null,
  "bookingEndDate" : null,
  "bookingEndTime" : null,
  "available" : true
}, {
  "ownerId" : 1,
  "regNum" : "AR89232",
  "brand" : "Mercedes",
  "model" : "G-wagon",
  "year" : 2021,
  "gearbox" : "Automatic",
  "fuel" : "Petrol",
  "driveMileage" : 400,
  "price" : 3000,
  "tenantId" : 0,
  "bookingStartDate" : null,
  "bookingStartTime" : null,
  "bookingEndDate" : null,
  "bookingEndTime" : null,
  "available" : true
}, {
  "ownerId" : 1,
  "regNum" : "BJ95206",
  "brand" : "Tesla",
  "model" : "Model 3",
  "year" : 2022,
  "gearbox" : "Automatic",
  "fuel" : "Electric",
  "driveMileage" : 200,
  "price" : 1000,
  "tenantId" : 0,
  "bookingStartDate" : null,
  "bookingStartTime" : null,
  "bookingEndDate" : null,
  "bookingEndTime" : null,
  "available" : true
}, {
  "ownerId" : 2,
  "regNum" : "CK64436",
  "brand" : "Baris",
  "model" : "Yaris",
  "year" : 291,
  "gearbox" : "Automatic",
  "fuel" : "Electric",
  "driveMileage" : 2300,
  "price" : 530,
  "tenantId" : 0,
  "bookingStartDate" : null,
  "bookingStartTime" : null,
  "bookingEndDate" : null,
  "bookingEndTime" : null,
  "available" : true
}, {
  "ownerId" : 3,
  "regNum" : "BJ90909",
  "brand" : "fittebil",
  "model" : "24",
  "year" : 5433,
  "gearbox" : "Manual",
  "fuel" : "Diesel",
  "driveMileage" : 3526426,
  "price" : 3463,
  "tenantId" : 1,
  "bookingStartDate" : "14-12-2023",
  "bookingStartTime" : "13:13",
  "bookingEndDate" : "19-11-2024",
  "bookingEndTime" : "14:14",
  "available" : false
}, {
  "ownerId" : 1,
  "regNum" : "AT45987",
  "brand" : "Test",
  "model" : "new",
  "year" : 2022,
  "gearbox" : "Automatic",
  "fuel" : "Electric",
  "driveMileage" : 200,
  "price" : 1200,
  "tenantId" : 0,
  "bookingStartDate" : null,
  "bookingStartTime" : null,
  "bookingEndDate" : null,
  "bookingEndTime" : null,
  "available" : true
} ]