[ {
  "ownerId" : 1,
  "regNum" : "AR89232",
  "brand" : "Audi",
  "model" : "RS7",
  "year" : 2022,
  "gearbox" : "Automatic",
  "fuel" : "Bensin",
  "driveMileage" : 400,
  "price" : 3000,
  "tenantId" : 0,
  "bookingStartDate" : null,
  "bookingStartTime" : null,
  "bookingEndDate" : null,
  "bookingEndTime" : null,
  "available" : true
}, {
  "ownerId" : 1,
  "regNum" : "AR89232",
  "brand" : "Bmw",
  "model" : "M4",
  "year" : 2019,
  "gearbox" : "Automatic",
  "fuel" : "Bensin",
  "driveMileage" : 400,
  "price" : 3000,
  "tenantId" : 2,
  "bookingStartDate" : "Tuesday",
  "bookingStartTime" : "14:00",
  "bookingEndDate" : "Friday",
  "bookingEndTime" : "12:00",
  "available" : false
}, {
  "ownerId" : 1,
  "regNum" : "AR89232",
  "brand" : "Mercedes",
  "model" : "S-class",
  "year" : 2019,
  "gearbox" : "Automatic",
  "fuel" : "Bensin",
  "driveMileage" : 400,
  "price" : 3000,
  "tenantId" : 3,
  "bookingStartDate" : "Monday",
  "bookingStartTime" : "17:00",
  "bookingEndDate" : "Friday",
  "bookingEndTime" : "19:00",
  "available" : false
}, {
  "ownerId" : 3,
  "regNum" : "AR89232",
  "brand" : "Toyota",
  "model" : "Yaris",
  "year" : 2011,
  "gearbox" : "Automatic",
  "fuel" : "Bensin",
  "driveMileage" : 400,
  "price" : 3000,
  "tenantId" : 1,
  "bookingStartDate" : "Monday",
  "bookingStartTime" : "18:00",
  "bookingEndDate" : "Wendsday",
  "bookingEndTime" : "17:00",
  "available" : false
}, {
  "ownerId" : 4,
  "regNum" : "AR89232",
  "brand" : "VW",
  "model" : "Golf",
  "year" : 2022,
  "gearbox" : "Automatic",
  "fuel" : "Bensin",
  "driveMileage" : 400,
  "price" : 3000,
  "tenantId" : 1,
  "bookingStartDate" : "Monday",
  "bookingStartTime" : "13:00",
  "bookingEndDate" : "Wensday",
  "bookingEndTime" : "14:00",
  "available" : false
}, {
  "ownerId" : 2,
  "regNum" : "AR89232",
  "brand" : "Tesla",
  "model" : "Model X",
  "year" : 2021,
  "gearbox" : "Automatic",
  "fuel" : "Bensin",
  "driveMileage" : 400,
  "price" : 3000,
  "tenantId" : 1,
  "bookingStartDate" : "Friday",
  "bookingStartTime" : "15:00",
  "bookingEndDate" : "Monday",
  "bookingEndTime" : "14:00",
  "available" : false
}, {
  "ownerId" : 0,
  "regNum" : "AR89232",
  "brand" : "Bmw",
  "model" : "IX",
  "year" : 2023,
  "gearbox" : "Automatic",
  "fuel" : "Bensin",
  "driveMileage" : 400,
  "price" : 3000,
  "tenantId" : 0,
  "bookingStartDate" : null,
  "bookingStartTime" : null,
  "bookingEndDate" : null,
  "bookingEndTime" : null,
  "available" : true
}, {
  "ownerId" : 1,
  "regNum" : "AR89232",
  "brand" : "Lamborghini",
  "model" : "Urus",
  "year" : 2020,
  "gearbox" : "Automatic",
  "fuel" : "Bensin",
  "driveMileage" : 400,
  "price" : 3000,
  "tenantId" : 2,
  "bookingStartDate" : "Monday",
  "bookingStartTime" : "14:15",
  "bookingEndDate" : "Friday",
  "bookingEndTime" : "13:00",
  "available" : false
}, {
  "ownerId" : 1,
  "regNum" : "AR89232",
  "brand" : "Mercedes",
  "model" : "G-wagon",
  "year" : 2021,
  "gearbox" : "Automatic",
  "fuel" : "Bensin",
  "driveMileage" : 400,
  "price" : 3000,
  "tenantId" : 1,
  "bookingStartDate" : "Monday",
  "bookingStartTime" : "12:00",
  "bookingEndDate" : "Tuesday",
  "bookingEndTime" : "15:00",
  "available" : false
}, {
  "ownerId" : 4,
  "regNum" : "AB12345",
  "brand" : "Ferrari",
  "model" : "488",
  "year" : 2023,
  "gearbox" : null,
  "fuel" : null,
  "driveMileage" : 500,
  "price" : 8000,
  "tenantId" : 0,
  "bookingStartDate" : null,
  "bookingStartTime" : null,
  "bookingEndDate" : null,
  "bookingEndTime" : null,
  "available" : true
}, {
  "ownerId" : 1,
  "regNum" : "AR89221",
  "brand" : "Nissan",
  "model" : "Gtr",
  "year" : 2021,
  "gearbox" : "Automatic",
  "fuel" : null,
  "driveMileage" : 300,
  "price" : 3000,
  "tenantId" : 0,
  "bookingStartDate" : null,
  "bookingStartTime" : null,
  "bookingEndDate" : null,
  "bookingEndTime" : null,
  "available" : true
}, {
  "ownerId" : 1,
  "regNum" : "AB12345",
  "brand" : "Volvo",
  "model" : "XC90",
  "year" : 2019,
  "gearbox" : "Automatic",
  "fuel" : "Diesel",
  "driveMileage" : 400,
  "price" : 3000,
  "tenantId" : 0,
  "bookingStartDate" : null,
  "bookingStartTime" : null,
  "bookingEndDate" : null,
  "bookingEndTime" : null,
  "available" : true
}, {
  "ownerId" : 1,
  "regNum" : "AB12345",
  "brand" : "Tesla",
  "model" : "Model 3",
  "year" : 2022,
  "gearbox" : "Automatic",
  "fuel" : "Electric",
  "driveMileage" : 200,
  "price" : 1000,
  "tenantId" : 0,
  "bookingStartDate" : null,
  "bookingStartTime" : null,
  "bookingEndDate" : null,
  "bookingEndTime" : null,
  "available" : true
} ]