[ {
  "ownerId" : 1,
  "regNum" : "AR89232",
  "brand" : "Audi",
  "model" : "RS7",
  "year" : 2022,
  "gearbox" : "Automatic",
  "fuel" : "Petrol",
  "driveMileage" : 400,
  "price" : 3000,
  "tenantId" : 0,
  "bookingStartDate" : null,
  "bookingStartTime" : null,
  "bookingEndDate" : null,
  "bookingEndTime" : null,
  "available" : true
}, {
  "ownerId" : 1,
  "regNum" : "AR89232",
  "brand" : "Bmw",
  "model" : "M4",
  "year" : 2019,
  "gearbox" : "Automatic",
  "fuel" : "Petrol",
  "driveMileage" : 400,
  "price" : 3000,
  "tenantId" : 0,
  "bookingStartDate" : null,
  "bookingStartTime" : null,
  "bookingEndDate" : null,
  "bookingEndTime" : null,
  "available" : true
}, {
  "ownerId" : 1,
  "regNum" : "AR89232",
  "brand" : "Mercedes",
  "model" : "S-class",
  "year" : 2019,
  "gearbox" : "Automatic",
  "fuel" : "Petrol",
  "driveMileage" : 400,
  "price" : 3000,
  "tenantId" : 0,
  "bookingStartDate" : null,
  "bookingStartTime" : null,
  "bookingEndDate" : null,
  "bookingEndTime" : null,
  "available" : true
}, {
  "ownerId" : 4,
  "regNum" : "AR89232",
  "brand" : "VW",
  "model" : "Golf",
  "year" : 2022,
  "gearbox" : "Automatic",
  "fuel" : "Petrol",
  "driveMileage" : 400,
  "price" : 3000,
  "tenantId" : 2,
  "bookingStartDate" : "06-03-2023",
  "bookingStartTime" : "00:00",
  "bookingEndDate" : "17-10-2023",
  "bookingEndTime" : "00:00",
  "available" : false
}, {
  "ownerId" : 2,
  "regNum" : "AR89232",
  "brand" : "Tesla",
  "model" : "Model X",
  "year" : 2021,
  "gearbox" : "Automatic",
  "fuel" : "Petrol",
  "driveMileage" : 400,
  "price" : 3000,
  "tenantId" : 3,
  "bookingStartDate" : "13-03-2023",
  "bookingStartTime" : "22:22",
  "bookingEndDate" : "13-03-2024",
  "bookingEndTime" : "22:22",
  "available" : false
}, {
  "ownerId" : 0,
  "regNum" : "AR89232",
  "brand" : "Bmw",
  "model" : "IX",
  "year" : 2023,
  "gearbox" : "Automatic",
  "fuel" : "Petrol",
  "driveMileage" : 400,
  "price" : 3000,
  "tenantId" : 1,
  "bookingStartDate" : "12-12-2022",
  "bookingStartTime" : "12:30",
  "bookingEndDate" : "12-12-2023",
  "bookingEndTime" : "12:30",
  "available" : false
}, {
  "ownerId" : 1,
  "regNum" : "AR89232",
  "brand" : "Lamborghini",
  "model" : "Urus",
  "year" : 2020,
  "gearbox" : "Automatic",
  "fuel" : "Petrol",
  "driveMileage" : 400,
  "price" : 3000,
  "tenantId" : 0,
  "bookingStartDate" : null,
  "bookingStartTime" : null,
  "bookingEndDate" : null,
  "bookingEndTime" : null,
  "available" : true
}, {
  "ownerId" : 1,
  "regNum" : "AR89232",
  "brand" : "Mercedes",
  "model" : "G-wagon",
  "year" : 2021,
  "gearbox" : "Automatic",
  "fuel" : "Petrol",
  "driveMileage" : 400,
  "price" : 3000,
  "tenantId" : 5,
  "bookingStartDate" : "12-12-2022",
  "bookingStartTime" : "00:00",
  "bookingEndDate" : "12-12-2023",
  "bookingEndTime" : "00:00",
  "available" : false
}, {
  "ownerId" : 1,
  "regNum" : "BJ95206",
  "brand" : "Tesla",
  "model" : "Model 3",
  "year" : 2022,
  "gearbox" : "Automatic",
  "fuel" : "Electric",
  "driveMileage" : 200,
  "price" : 1000,
  "tenantId" : 2,
  "bookingStartDate" : "12-12-2024",
  "bookingStartTime" : "12:40",
  "bookingEndDate" : "12-12-2025",
  "bookingEndTime" : "12:40",
  "available" : false
}, {
  "ownerId" : 5,
  "regNum" : "AN49783",
  "brand" : "Ford",
  "model" : "Mustang",
  "year" : 2018,
  "gearbox" : "Automatic",
  "fuel" : "Petrol",
  "driveMileage" : 300,
  "price" : 2400,
  "tenantId" : 3,
  "bookingStartDate" : "12-12-2023",
  "bookingStartTime" : "00:00",
  "bookingEndDate" : "12-12-2024",
  "bookingEndTime" : "00:00",
  "available" : false
} ]